Year,City,State,School,Fatalities,Presidency
1990,Brooklyn,New York,C,0,Republican
1990,Centerville,Tennessee,HS,1,Republican
1990,Las Vegas,Nevada,HS,1,Republican
1990,San Antonio,Texas,HS,0,Republican
1991,Richardson,Texas,HS,0,Republican
1991,Donna,Texas,HS,1,Republican
1991,Compton,California,MS,1,Republican
1991,Compton,California,MS,1,Republican
1991,Crosby,Texas,HS,1,Republican
1991,Crosby,Texas,HS,1,Republican
1991,Bronx,New York,HS,1,Republican
1991,Iowa City,Iowa,C,5,Republican
1991,Iowa City,Iowa,C,6,Republican
1991,Houston,Texas,HS,0,Republican
1991,Brooklyn,New York,HS,1,Republican
1991,Brooklyn,New York,HS,1,Republican
1992,Kent,Ohio,C,1,Republican
1992,Kent,Ohio,C,0,Republican
1992,Brooklyn,New York,HS,2,Republican
1992,Brooklyn,New York,HS,2,Republican
1992,Olivehurst,California,HS,4,Republican
1992,Olivehurst,California,HS,3,Republican
1992,Napa,California,MS,0,Republican
1992,Lincoln,Texas,HS,0,Republican
1992,Lincoln,Nebraska,C,0,Republican
1992,Tucson,Arizona,HS,1,Republican
1992,The Bronx,New York,HS,0,Republican
1992,Detroit,Michigan,HS,0,Republican
1992,Chicago,Illinois,ES,0,Republican
1992,Houston,Texas,HS,1,Republican
1992,Birmingham,Alabama,HS,1,Republican
1992,Chicago,Illinois,HS,1,Republican
1992,Buffalo,New York,HS,0,Republican
1992,Chicago,Illinois,ES,1,Republican
1992,Great Barrington,Massachusetts,C,2,Republican
1992,Great Barrington,Massachusetts,C,2,Republican
1993,Brentwood,New York,HS,0,Republican
1993,Kinzers,Pennsylvania,HS,1,Republican
1993,Miami,Florida,HS,1,Republican
1993,Grayson,Kentucky,HS,2,Republican
1993,Grayson,Kentucky,HS,2,Republican
1993,Los Angeles,California,HS,1,Republican
1993,Redmond,Washington,MS,1,Republican
1993,Amityville,New York,HS,1,Republican
1993,Clayton County,Georgia,HS,1,Republican
1993,Middle River,Minnesota,MS,1,Republican
1993,Washington DC,District of Columbia,HS,1,Republican
1993,Dallas,Texas,HS,1,Republican
1993,Los Angeles,California,HS,1,Republican
1993,Los Angeles,California,HS,1,Republican
1993,Gloucester,Massachusetts,HS,0,Republican
1993,Harlem,Georgia,HS,1,Republican
1993,St. Louis,Missouri,HS,1,Republican
1993,Sacramento,California,HS,1,Republican
1993,Irving,Texas,HS,1,Republican
1993,Acushnet,Massachusetts,MS,1,Republican
1993,Acushnet,Massachusetts,MS,1,Republican
1993,Sacramento,California,HS,1,Republican
1993,Raleigh,North Carolina,HS,1,Republican
1993,Irving,Texas,HS,1,Republican
1993,Red Hill,Pennsylvania,HS,1,Republican
1993,Pennsburg,Pennsylvania,HS,1,Republican
1993,New Orleans,Louisiana,HS,1,Republican
1993,Ogden,Utah,C,1,Republican
1993,Atlanta,Georgia,HS,1,Republican
1993,Dallas,Texas,HS,1,Republican
1993,Sheridan,Wyoming,MS,1,Republican
1993,Sheridan,Wyoming,MS,1,Republican
1993,New Castle,Delaware,HS,1,Republican
1993,Detroit,Michigan,HS,1,Republican
1993,Chicago,Illinois,HS,1,Republican
1993,Jacksonville,Florida,HS,1,Republican
1993,New Britain,Connecticut,HS,1,Republican
1993,New Britain,Connecticut,HS,1,Republican
1993,Bay Springs,Mississippi,HS,1,Republican
1993,Kansas City,Missouri,HS,1,Democrat
1993,Wauwatosa,Wisconsin,HS,1,Democrat
1993,Wauwatosa,Wisconsin,HS,1,Democrat
1993,Savannah,Georgia,HS,1,Democrat
1993,Chelsea,Michigan,HS,1,Democrat
1994,Kennard,Texas,HS,0,Democrat
1994,Hacienda Heights,California,HS,1,Democrat
1994,Columbia,South Carolina,HS,1,Democrat
1994,Columbia,South Carolina,HS,1,Democrat
1994,Seattle,Washington,MS,1,Democrat
1994,Seattle,Washington,MS,1,Democrat
1994,Detroit,Michigan,HS,1,Democrat
1994,Belmont,California,HS,1,Democrat
1994,Spartanburg,South Carolina,HS,0,Democrat
1994,Boonville,Missouri,C,2,Democrat
1994,Boonville,Missouri,HS,2,Democrat
1994,Charleston,South Carolina,HS,1,Democrat
1994,Riveria Beach,Florida,MS,0,Democrat
1994,Seattle,Washington,HS,1,Democrat
1994,Woodstock,Georgia,HS,0,Democrat
1994,Butte,Montana,ES,1,Democrat
1994,Butte,Montana,ES,1,Democrat
1994,Los Angeles,California,ES,0,Democrat
1994,Nashville,Tennessee,MS,1,Democrat
1994,Nashville,Tennessee,MS,1,Democrat
1994,North Miami,Florida,HS,1,Democrat
1994,Union,Kentucky,HS,4,Democrat
1994,Ottumwa,Iowa,HS,1,Democrat
1994,Hollywood,California,HS,1,Democrat
1994,Greensboro,North Carolina,HS,1,Democrat
1994,Greensboro,North Carolina,HS,1,Democrat
1994,Chicago,Illinois,HS,0,Democrat
1994,San Leandro,California,ES,1,Democrat
1994,Wickliffe,Ohio,MS,1,Democrat
1994,Wickliffe,Ohio,MS,1,Democrat
1994,Tacoma,Washington,HS,1,Democrat
1994,Albany,New York,C,0,Democrat
1995,Washington DC,District of Columbia,HS,1,Democrat
1995,Palm Beach Gardens,Florida,HS,0,Democrat
1995,Seattle,Washington,HS,0,Democrat
1995,Seattle,Washington,HS,0,Democrat
1995,Redlands,California,MS,1,Democrat
1995,Chapel Hill,North Carolina,C,2,Democrat
1995,Long Beach,California,HS,1,Democrat
1995,Laredo,Texas,MS,1,Democrat
1995,Memphis,Tennessee,HS,1,Democrat
1995,Olathe,Kansas,HS,2,Democrat
1995,Tavares,Florida,MS,1,Democrat
1995,Tavares,Florida,MS,1,Democrat
1995,Blackville,South Carolina,HS,1,Democrat
1995,Blackville,South Carolina,HS,2,Democrat
1995,Lynnville,Tennessee,HS,2,Democrat
1995,Lynnville,Tennessee,HS,2,Democrat
1995,queens,New York,HS,1,Democrat
1996,District of Columbia,District of Columbia,MS,1,Democrat
1996,Washington,D.C.,HS,1,Democrat
1996,memphis,Tennessee,HS,1,Democrat
1996,Moses Lake,Washington,MS,3,Democrat
1996,Moses Lake,Washington,MS,3,Democrat
1996,Palo Alto,California,HS,1,Democrat
1996,St. Louis,Missouri,HS,1,Democrat
1996,New London,North Carolina,HS,1,Democrat
1996,Talledega,Alabama,HS,1,Democrat
1996,Hemet,California,HS,1,Democrat
1996,San Diego,California,C,3,Democrat
1996,San Diego,California,C,3,Democrat
1996,San Antonio,Texas,C,1,Democrat
1996,State College,Pennsylvania,C,1,Democrat
1996,State College,Pennsylvania,C,1,Democrat
1996,Scottdale,Georgia,HS,1,Democrat
1996,Decatur,Georgia,HS,1,Democrat
1996,Philadelphia,Pennsylvania,ES,2,Democrat
1996,Playa del Rey,California,HS,1,Democrat
1996,Sherwood,Arkansas,MS,1,Democrat
1996,St. Louis,Missouri,HS,1,Democrat
1996,West Lafayette,Indiana,C,1,Democrat
1996,Sacramento,California,HS,1,Democrat
1997,Brooklyn,New York,HS,1,Democrat
1997,West Palm Beach,Florida,MS,1,Democrat
1997,West Palm Beach,Florida,MS,1,Democrat
1997,Tulsa,Oklahoma,HS,1,Democrat
1997,Bethel,Alaska,HS,2,Democrat
1997,Bethel,Alaska,HS,2,Democrat
1997,Jacksonville,Florida,HS,1,Democrat
1997,Detroit,Michigan,HS,1,Democrat
1997,Pearl,Mississippi,HS,3,Democrat
1997,Pearl,Mississippi,HS,3,Democrat
1997,Garland,Texas,HS,1,Democrat
1997,Palmetto,Florida,MS,0,Democrat
1997,Norwalk,California,HS,2,Democrat
1997,Sacramento,California,ES,1,Democrat
1997,West Paducah,Kentucky,HS,3,Democrat
1997,West Paducah,Kentucky,HS,3,Democrat
1997,Stamps,Arkansas,HS,2,Democrat
1997,Stamps,Arkansas,HS,0,Democrat
1998,Reed City,Michigan,HS,1,Democrat
1998,Philadelphia,Pennsylvania,C,1,Democrat
1998,Jonesboro,Arkansas,MS,5,Democrat
1998,Craighead County,Arkansas,MS,5,Democrat
1998,Coldwater,Michigan,HS,1,Democrat
1998,Chapel Hill,North Carolina,MS,0,Democrat
1998,Edinboro,Pennsylvania,HS,1,Democrat
1998,Edinboro,Pennsylvania,MS,1,Democrat
1998,Pomona,California,ES,2,Democrat
1998,Buffalo,New York,ES,1,Democrat
1998,Fayetteville,Tennessee,HS,1,Democrat
1998,Fayetteville,Tennessee,HS,1,Democrat
1998,Springfield,Oregon,HS,4,Democrat
1998,Rialto,California,HS,1,Democrat
1998,Springfield,Oregon,HS,4,Democrat
1998,Pasadena,California,MS,0,Democrat
1998,Fort Lauderdale,Florida,HS,2,Democrat
1998,Richmond,Virginia,HS,0,Democrat
1998,Richmond,Virginia,HS,0,Democrat
1998,San Bernardino,California,C,2,Democrat
1998,Glendale,California,HS,0,Democrat
1998,Detroit,Michigan,C,1,Democrat
1998,Detroit,Michigan,C,1,Democrat
1999,Carollton,Georgia,HS,2,Democrat
1999,Carrollton,Georgia,HS,1,Democrat
1999,North Richland Hills,Texas,HS,1,Democrat
1999,Elgin,Illinois,HS,0,Democrat
1999,Notus,Idaho,HS,0,Democrat
1999,Notus,Idaho,HS,0,Democrat
1999,Littleton,Colorado,HS,15,Democrat
1999,Littleton,Colorado,HS,15,Democrat
1999,Atlanta,Georgia,MS,1,Democrat
1999,Conyers,Georgia,HS,0,Democrat
1999,Conyers,Georgia,HS,0,Democrat
1999,Monticello,Georgia,HS,1,Democrat
1999,Plano,Texas,HS,1,Democrat
1999,San Jose,California,HS,1,Democrat
1999,Deming,New Mexico,MS,0,Democrat
1999,Deming,New Mexico,MS,1,Democrat
1999,Fort Gibson,Oklahoma,MS,0,Democrat
1999,Fort Gibson,Oklahoma,MS,0,Democrat
2000,New Port Richey,Florida,HS,0,Democrat
2000,Flint,Michigan,ES,1,Democrat
2000,Flint,Michigan,ES,1,Democrat
2000,Sierra Vista,Arizona,ES,2,Democrat
2000,Lake Worth,Florida,MS,1,Democrat
2000,Lake Worth,Florida,MS,1,Democrat
2000,Seattle,Washington,C,2,Democrat
2000,Canton,Ohio,HS,1,Democrat
2000,Fayetteville,Arkansas,C,2,Democrat
2000,Fayetteville,Arkansas,C,2,Democrat
2000,Bidwell,Ohio,ES,2,Democrat
2000,New Orleans,Louisiana,MS,0,Democrat
2000,New Orleans,Louisiana,MS,0,Democrat
2000,Los Angeles,California,C,1,Democrat
2000,Brooklyn,New York,HS,1,Democrat
2000,Memphis,Tennessee,HS,1,Democrat
2000,Granada Hills,California,HS,0,Democrat
2000,San Diego,California,HS,0,Democrat
2001,Oxnard,California,HS,1,Democrat
2001,Baltimore,Maryland,HS,1,Democrat
2001,Arlington,Texas,MS,1,Democrat
2001,San Diego,California,HS,0,Democrat
2001,Santee,California,HS,2,Democrat
2001,Santee,California,HS,2,Democrat
2001,Williamsport,Pennsylvania,HS,0,Democrat
2001,Williamsport,Pennsylvania,HS,0,Democrat
2001,El Cajon,California,HS,0,Democrat
2001,El Cajon,California,HS,0,Democrat
2001,Gary,Indiana,HS,1,Democrat
2001,Gary,Indiana,HS,1,Democrat
2001,Klein,Texas,MS,0,Democrat
2001,Cleveland,Ohio,HS,1,Democrat
2001,Ennis,Texas,HS,0,Democrat
2001,Parkland,Washington,C,2,Democrat
2001,Pierce County,Washington,C,1,Republican
2001,Taylorsville,Utah,HS,0,Republican
2001,Caro,Michigan,HS,0,Republican
2002,New York City,New York,HS,0,Republican
2002,New York City,New York,HS,0,Republican
2002,Gundy,Virginia,C,3,Republican
2002,Grundy,Virginia,C,3,Republican
2002,Milwaukee,Wisconsin,HS,1,Republican
2002,Conception,Missouri,C,3,Republican
2002,Charlotte,North Carolina,MS,1,Republican
2002,San Antonio,Texas,MS,1,Republican
2002,Bowie,Maryland,MS,0,Republican
2002,Bowie,Maryland,MS,0,Republican
2002,Tucson,Arizona,C,4,Republican
2002,Tucson,Arizona,C,4,Republican
2002,Jersey City,New Jersey,HS,0,Republican
2002,Liberty,Missouri,ES,1,Republican
2002,Chicago,Illinois,HS,1,Republican
2003,Meridian,Mississippi,HS,0,Republican
2003,Walnut,California,HS,0,Republican
2003,New Orleans,Louisiana,HS,1,Republican
2003,New Orleans,Louisiana,HS,1,Republican
2003,Addison,Texas,ES,1,Republican
2003,Red Lion,Pennsylvania,MS,1,Republican
2003,Red Lion,Pennsylvania,HS,2,Republican
2003,Cleveland,Ohio,C,1,Republican
2003,Cleveland,Ohio,C,1,Republican
2003,Johnstown,Pennsylvania,HS,1,Republican
2003,Wellsboro,Pennsylvania,MS,0,Republican
2003,Dallas,Texas,HS,0,Republican
2003,Cold Spring,Minnesota,HS,2,Republican
2003,Cold Spring,Minnesota,HS,2,Republican
2003,Washington,District Of Columbia,HS,1,Republican
2003,Sugar Land,Texas,HS,1,Republican
2004,Henderson,Nevada,ES,1,Republican
2004,District of Columbia,District Of Columbia,HS,1,Republican
2004,Washington,D.C.,HS,1,Republican
2004,East Greenbush,New York,HS,0,Republican
2004,East Greenbush,New York,HS,0,Republican
2004,Philadelphia,Pennsylvania,ES,1,Republican
2004,Joyce,Washington,MS,0,Republican
2004,Randallstown,Maryland,HS,0,Republican
2004,Randallstown,Maryland,HS,0,Republican
2004,Salt Lake City,Utah,HS,1,Republican
2004,St Croix,Virgin Islands,HS,1,Republican
2004,Maywood,Illinois,HS,1,Republican
2004,Memphis,Tennessee,HS,0,Republican
2004,Philadelphia,Pennsylvania,HS,1,Republican
2004,Nine Mile Falls,Washington,HS,1,Republican
2005,Philadelphia,Pennsylvania,HS,1,Republican
2005,Chicago,Illinois,HS,0,Republican
2005,Dover,Tennessee,HS,1,Republican
2005,Red Lake,Minnesota,HS,10,Republican
2005,Red Lake,Minnesota,HS,10,Republican
2005,Lower Allen Township,Pennsylvania,ES,1,Republican
2005,Chicago,Illinois,HS,0,Republican
2005,Chicago,Illinois,HS,0,Republican
2005,Jacksboro,Tennessee,HS,1,Republican
2005,Jacksboro,Tennessee,HS,1,Republican
2006,Birmingham,Alabama,HS,1,Republican
2006,Longwood,Florida,MS,0,Republican
2006,Longwood,Florida,MS,1,Republican
2006,Roseburg,Oregon,HS,1,Republican
2006,Roseburg,Oregon,HS,0,Republican
2006,Reno,Nevada,MS,0,Republican
2006,Reno,Nevada,MS,0,Republican
2006,Venice,California,HS,1,Republican
2006,Essex,Vermont,ES,2,Republican
2006,Essex Junction,Vermont,ES,2,Republican
2006,Hillsborough,North Carolina,HS,3,Republican
2006,Hillsborough,North Carolina,HS,0,Republican
2006,Shepherdstown,West Virginia,C,2,Republican
2006,Shepherdstown,West Virginia,C,3,Republican
2006,Pittsburgh,Pennsylvania,C,0,Republican
2006,Pittsburgh,Pennsylvania,ES,0,Republican
2006,Bailey,Colorado,HS,1,Republican
2006,Bailey,Colorado,HS,2,Republican
2006,Cazenovia,Wisconsin,HS,1,Republican
2006,Cazenovia,Wisconsin,HS,1,Republican
2006,Nickel Mines,Pennsylvania,HS,5,Republican
2006,Nickel Mines,Pennsylvania,HS,6,Republican
2006,Joplin,Missouri,MS,0,Republican
2006,Joplin,Missouri,MS,0,Republican
2006,Katy,Texas,HS,1,Republican
2006,Fresno,California,ES,1,Republican
2006,Houston,Texas,HS,1,Republican
2006,Erdenheim,Pennsylvania,MS,1,Republican
2007,Tacoma,Washington,HS,1,Republican
2007,Tacoma,Washington,HS,1,Republican
2007,Prineville,Oregon,HS,1,Republican
2007,Midland,Michigan,HS,0,Republican
2007,Greenville,Texas,HS,0,Republican
2007,Compton,California,HS,0,Republican
2007,Greensboro,North Carolina,C,0,Republican
2007,Seattle,Washington,C,1,Republican
2007,Gresham,Oregon,HS,0,Republican
2007,Blacksburg,Virginia,C,32,Republican
2007,Blacksburg,Virginia,C,33,Republican
2007,Dover,Delaware,C,1,Republican
2007,Oroville,California,HS,0,Republican
2007,Memphis,Tennessee,C,1,Republican
2007,Cleveland,Ohio,HS,0,Republican
2007,Cleveland,Ohio,HS,1,Republican
2007,Miami Gardens,Florida,HS,0,Republican
2008,Putnam City,Oklahoma,HS,0,Republican
2008,Cleveland,Ohio,HS,0,Republican
2008,Charlotte,North Carolina,HS,0,Republican
2008,Memphis,Tennessee,HS,0,Republican
2008,Memphis,Tennessee,HS,0,Republican
2008,Portsmouth,Ohio,ES,0,Republican
2008,Baton Rouge,Louisiana,C,3,Republican
2008,Baton Rouge,Louisiana,C,3,Republican
2008,Memphis,Tennessee,HS,0,Republican
2008,Memphis,Tennessee,HS,0,Republican
2008,Oxnard,California,MS,1,Republican
2008,Oxnard,California,HS,1,Republican
2008,DeKalb,Illinois,C,5,Republican
2008,DeKalb,Illinois,C,6,Republican
2008,Jonesboro,Arkansas,C,0,Republican
2008,Little Rock,Arkansas,C,0,Republican
2008,Miami Gardens,Florida,HS,0,Republican
2008,Mobile,Alabama,HS,1,Republican
2008,Chicago,Illinois,HS,1,Republican
2008,Chicago,Illinois,HS,1,Republican
2008,Fresno,California,HS,1,Republican
2008,Omaha,Nebraska,MS,0,Republican
2008,Washington,District of Columbia,C,0,Republican
2008,Phoenix,Arizona,C,0,Republican
2008,Federal Way,Washington,MS,1,Republican
2008,Federal Way,Washington,MS,1,Republican
2008,Knoxville,Tennessee,HS,1,Republican
2008,Knoxville,Tennessee,HS,1,Republican
2008,Portland,Oregon,HS,0,Republican
2008,Willoughby,Ohio,HS,0,Republican
2008,Willoughby,Ohio,HS,0,Republican
2008,San Antonio,Texas,C,1,Republican
2008,Detroit,Michigan,HS,1,Republican
2008,Detroit,Michigan,HS,1,Republican
2008,Acton,California,HS,1,Republican
2008,Indianapolis,Indiana,HS,1,Republican
2008,Conway,Arkansas,C,2,Republican
2008,Conway,Arkansas,C,2,Republican
2008,Stockton Springs,Maine,ES,0,Republican
2008,Fort Lauderdale,Florida,HS,1,Republican
2008,Fort Lauderdale,Florida,HS,1,Republican
2008,St. George,Utah,HS,1,Republican
2008,Savannah,Georgia,C,0,Republican
2009,New Castle,Delaware,HS,0,Republican
2009,Chicago,Illinois,HS,0,Republican
2009,Chicago,Illinois,HS,0,Republican
2009,Cahokia,Illinois,HS,1,Republican
2009,Houston,Texas,C,1,Republican
2009,El Monte,California,ES,0,Republican
2009,Detroit,Michigan,HS,0,Republican
2009,Fayetteville,North Carolina,HS,0,Republican
2009,Jacksonville,Florida,HS,2,Republican
2009,Dearborn,Michigan,C,1,Republican
2009,Houston,Texas,C,1,Republican
2009,Hampton,Virginia,C,0,Republican
2009,Hampton,Virginia,C,0,Republican
2009,Sheboygan,Wisconsin,HS,0,Republican
2009,Canandaigua,New York,HS,0,Republican
2009,Larose,Louisiana,MS,0,Republican
2009,Cambridge,Massachusetts,C,1,Republican
2009,Cambridge,Massachusetts,C,1,Republican
2009,Larose,Louisiana,MS,1,Republican
2009,Lexington,Kentucky,MS,1,Republican
2009,San Francisco,California,HS,0,Republican
2009,San Francisco,California,HS,0,Republican
2009,Parkersburg,Iowa,HS,1,Republican
2009,San Bruno,California,C,0,Republican
2009,Atlanta,Georgia,C,1,Republican
2009,San Bruno,California,C,0,Republican
2009,Stamford,Connecticut,HS,0,Republican
2009,Grand Rapids,Michigan,HS,0,Republican
2009,Henrico,Virginia,HS,0,Republican
2009,Carolina Forest,South Carolina,HS,1,Democrat
2009,Conway,South Carolina,HS,1,Democrat
2009,Long Beach,California,HS,1,Democrat
2009,Dallas,Texas,ES,0,Democrat
2009,Brockton,Massachusetts,HS,0,Democrat
2009,Woodbridge,Virginia,C,0,Democrat
2009,Shreveport,Louisiana,HS,0,Democrat
2010,Phoenix,Arizona,HS,0,Democrat
2010,Livingston,Alabama,HS,1,Democrat
2010,Madison,Alabama,MS,1,Democrat
2010,Madison,Alabama,MS,1,Democrat
2010,Knoxville,Tennessee,ES,0,Democrat
2010,Huntsville,Alabama,C,3,Democrat
2010,Huntsville,Alabama,C,3,Democrat
2010,DeKalb,Illinois,C,0,Democrat
2010,DeKalb,Illinois,C,0,Democrat
2010,Littleton,Colorado,MS,0,Democrat
2010,Littleton,Colorado,MS,0,Democrat
2010,Tacoma,Washington,ES,2,Democrat
2010,Columbus,Ohio,C,1,Democrat
2010,Columbus,Ohio,C,1,Democrat
2010,Portsmouth,Virginia,HS,0,Democrat
2010,South Gate,California,HS,0,Democrat
2010,Blountville,Tennessee,HS,1,Democrat
2010,Detroit,Michigan,HS,0,Democrat
2010,Detroit,Michigan,HS,0,Democrat
2010,Moss Bluff,Louisiana,MS,1,Democrat
2010,Columbia,South Carolina,HS,0,Democrat
2010,Austin,Texas,C,1,Democrat
2010,Austin,Texas,C,1,Democrat
2010,Salinas,California,HS,1,Democrat
2010,Salinas,California,HS,1,Democrat
2010,Elizabeth City,North Carolina,C,1,Democrat
2010,Carlsbad,California,ES,0,Democrat
2010,Carlsbad,California,ES,0,Democrat
2010,Selma,Alabama,ES,0,Democrat
2010,Marinette,Wisconsin,HS,0,Democrat
2010,Marinette,Wisconsin,HS,1,Democrat
2010,Aurora,Colorado,HS,0,Democrat
2011,Omaha,Nebraska,HS,1,Democrat
2011,Omaha,Nebraska,HS,2,Democrat
2011,Los Angeles,California,HS,0,Democrat
2011,Placerville,California,ES,1,Democrat
2011,Murfreesboro,Tennessee,C,0,Democrat
2011,Los Angeles,California,C,1,Democrat
2011,Martinsville,Indiana,MS,0,Democrat
2011,Martinsville,Indiana,MS,0,Democrat
2011,Houston,Texas,HS,1,Democrat
2011,Houston,Texas,HS,1,Democrat
2011,Opelika,Alabama,C,1,Democrat
2011,Apopka,Florida,HS,0,Democrat
2011,Houston,Texas,ES,0,Democrat
2011,Pearl City,Hawaii,MS,0,Democrat
2011,Pearl City,Hawaii,MS,0,Democrat
2011,Harper Woods,Michigan,HS,0,Democrat
2011,Fayetteville,North Carolina,HS,0,Democrat
2011,Fayetteville,North Carolina,HS,0,Democrat
2011,Berkeley,California,C,0,Democrat
2011,Blacksburg,Virginia,C,1,Democrat
2011,Blacksburg,Virginia,C,2,Democrat
2011,Edinburg,Texas,MS,0,Democrat
2011,Edinburg,Texas,MS,0,Democrat
2012,Brownsville,Texas,MS,0,Democrat
2012,Houston,Texas,HS,0,Democrat
2012,Houston,Texas,HS,0,Democrat
2012,Walpole,New Hampshire,ES,0,Democrat
2012,Bremerton,Washington,ES,0,Democrat
2012,Chardon,Ohio,HS,3,Democrat
2012,Chardon,Ohio,HS,3,Democrat
2012,Jacksonville,Florida,HS,1,Democrat
2012,Jacksonville,Florida,-,2,Democrat
2012,Starkville,Mississippi,C,1,Democrat
2012,Oakland,California,C,7,Democrat
2012,Oakland,California,C,7,Democrat
2012,Chapel Hill,North Carolina,ES,1,Democrat
2012,Memphis,Tennessee,HS,0,Democrat
2012,Memphis,Tennessee,HS,0,Democrat
2012,Perry Hall,Maryland,HS,0,Democrat
2012,Perry Hall,Maryland,HS,0,Democrat
2012,Normal,Illinois,HS,0,Democrat
2012,Normal,Illinois,HS,0,Democrat
2012,Baltimore,Maryland,C,0,Democrat
2012,Mobile,Alabama,C,1,Democrat
2012,Chicago,Illinois,HS,1,Democrat
2012,Los Angeles,California,C,0,Democrat
2012,Los Angeles,California,C,0,Democrat
2012,Baltimore,Maryland,C,0,Democrat
2012,Newtown,Connecticut,ES,27,Democrat
2012,Newtown,Connecticut,ES,28,Democrat
2013,Fort Myers,Florida,ES,1,Democrat
2013,Fort Myers,Florida,ES,1,Democrat
2013,Taft,California,HS,0,Democrat
2013,Taft,California,HS,0,Democrat
2013,Detroit,Michigan,HS,0,Democrat
2013,Hazard,Kentucky,C,3,Democrat
2013,St. Louis,Missouri,C,0,Democrat
2013,St. Louis,Missouri,C,0,Democrat
2013,Hazard,Kentucky,C,3,Democrat
2013,Chicago,Illinois,C,0,Democrat
2013,Chicago,Illinois,C,1,Democrat
2013,Houston,Texas,C,0,Democrat
2013,Houston,Texas,C,0,Democrat
2013,Phoenix,Arizona,HS,0,Democrat
2013,Atlanta,Georgia,MS,0,Democrat
2013,Phoenix,Arizona,HS,0,Democrat
2013,Atlanta,Georgia,MS,0,Democrat
2013,Orlando,Florida,C,1,Democrat
2013,Orlando,Florida,C,1,Democrat
2013,Christiansburg,Virginia,C,0,Democrat
2013,Dublin,Virginia,C,0,Democrat
2013,Grambling,Louisiana,C,0,Democrat
2013,Grambling,Louisiana,C,0,Democrat
2013,Cambridge,Massachusetts,C,2,Democrat
2013,Cambridge,Massachusetts,C,2,Democrat
2013,Birmingham,Alabama,MS,0,Democrat
2013,Birmingham,Alabama,MS,0,Democrat
2013,Santa Monica,California,C,6,Democrat
2013,Santa Monica,California,C,6,Democrat
2013,West Palm Beach,Florida,HS,2,Democrat
2013,Decatur,Georgia,ES,0,Democrat
2013,Decatur,Georgia,ES,0,Democrat
2013,Sardis,Mississippi,HS,1,Democrat
2013,Sardis,Mississippi,HS,1,Democrat
2013,Winston-Salem,North Carolina,HS,0,Democrat
2013,Winston-Salem,North Carolina,HS,0,Democrat
2013,Pine Hills,Florida,HS,0,Democrat
2013,Pine Hills,Florida,HS,0,Democrat
2013,Sparks,Nevada,MS,2,Democrat
2013,Sparks,Nevada,MS,2,Democrat
2013,Greensboro,North Carolina,C,0,Democrat
2013,Greensboro,North Carolina,C,0,Democrat
2013,Lithonia,Georgia,HS,0,Democrat
2013,Lithonia,Georgia,HS,0,Democrat
2013,Pittsburgh,Pennsylvania,HS,0,Democrat
2013,Pittsburgh,Pennsylvania,HS,0,Democrat
2013,Winter Garden,Florida,HS,0,Democrat
2013,Winter Garden,Florida,HS,0,Democrat
2013,Centennial,Colorado,HS,2,Democrat
2013,Centennial,Colorado,HS,2,Democrat
2013,Fresno,California,HS,0,Democrat
2013,Fresno,California,HS,0,Democrat
2014,Jackson,Tennessee,HS,0,Democrat
2014,New Haven,Connecticut,HS,0,Democrat
2014,Roswell,New Mexico,MS,0,Democrat
2014,Philadelphia,Pennsylvania,HS,0,Democrat
2014,Chester,Pennsylvania,C,0,Democrat
2014,West Lafayette,Indiana,C,1,Democrat
2014,Orangeburg,South Carolina,C,1,Democrat
2014,Los Angeles,California,C,1,Democrat
2014,Carbondale,Illinois,HS,0,Democrat
2014,Nashville,Tennessee,C,0,Democrat
2014,Palm Bay,Florida,C,0,Democrat
2014,Des Moines,Iowa,HS,0,Democrat
2014,Salisbury,North Carolina,HS,0,Democrat
2014,Lyndhurst,Ohio,HS,0,Democrat
2014,Los Angeles,California,C,0,Democrat
2014,Augusta,Georgia,C,0,Democrat
2014,Miami,Florida,ES,1,Democrat
2014,College Park,Georgia,HS,0,Democrat
2014,Greenville,North Carolina,HS,0,Democrat
2014,Detroit,Michigan,HS,1,Democrat
2014,Augusta,Georgia,C,0,Democrat
2014,Augusta,Georgia,C,0,Democrat
2014,Lawrenceville,Georgia,C,0,Democrat
2014,Richmond,California,HS,0,Democrat
2014,Seattle,Washington,C,1,Democrat
2014,Troutdale,Oregon,HS,2,Democrat
2014,Miami,Florida,HS,0,Democrat
2014,Terre Haute,Indiana,C,0,Democrat
2014,Albemarle,North Carolina,HS,0,Democrat
2014,Louisville,Kentucky,HS,0,Democrat
2014,Fairburn,Georgia,HS,1,Democrat
2014,Marysville,Washington,HS,5,Democrat
2014,Tallahassee,Florida,C,1,Democrat
2014,Miami,Florida,HS,1,Democrat
2014,Claremore,Oklahoma,C,1,Democrat
2014,Portland,Oregon,HS,0,Democrat
2015,Milwaukee,Wisconsin,HS,0,Democrat
2015,Ocala,Florida,HS,0,Democrat
2015,Frederick,Maryland,HS,0,Democrat
2015,Merced,California,MS,1,Democrat
2015,Daytona Beach,Florida,C,0,Democrat
2015,University City,Missouri,ES,0,Democrat
2015,Goldsboro,North Carolina,C,1,Democrat
2015,Paradis,Louisiana,MS,0,Democrat
2015,Lacey,Washington,HS,0,Democrat
2015,Jacksonville,Florida,HS,0,Democrat
2015,Flint,Michigan,HS,0,Democrat
2015,Savannah,Georgia,C,1,Democrat
2015,Sacramento,California,C,1,Democrat
2015,Cleveland,Mississippi,C,2,Democrat
2015,Harrisburg,South Dakota,HS,0,Democrat
2015,Roseburg,Oregon,C,10,Democrat
2015,Flagstaff,Arizona,C,1,Democrat
2015,Houston,Texas,C,1,Democrat
2015,Nashville,Tennessee,C,1,Democrat
2015,Winston-Salem,North Carolina,C,1,Democrat
2015,North Las Vegas,Nevada,HS,1,Democrat
2016,Indianapolis,Indiana,HS,0,Democrat
2016,Philadelphia,Pennsylvania,HS,0,Democrat
2016,Muskegon Heights,Michigan,HS,0,Democrat
2016,Glendale,Arizona,HS,2,Democrat
2016,Middletown,Ohio,HS,0,Democrat
2016,Antigo,Wisconsin,HS,1,Democrat
2016,Los Angeles,California,C,2,Democrat
2016,Dorchester,Massachusetts,HS,1,Democrat
2016,Cedar Rapids,IA,HS,1,Democrat
2016,Alpine,Texas,HS,1,Democrat
2016,Townville,South Carolina,ES,2,Democrat
2016,Mobile,Alabama,HS,0,Democrat
2016,Columbus,Ohio,HS,0,Democrat
2016,San Francisco,California,HS,0,Democrat
2016,Sandy,Utah,MS,0,Democrat
2016,Bountiful,Utah,MS,0,Democrat
2017,West Liberty,Ohio,HS,0,Democrat
2017,Seattle,Washington,C,0,Democrat
2017,King City,California,HS,0,Democrat
2017,San Bernardino,California,ES,3,Democrat
2017,Irving,Texas,C,2,Democrat
2017,Rockford,Washington,HS,1,Democrat
2017,Mattoon,Illinois,HS,0,Democrat
2017,Rancho Tehama Reserve,California,ES,6,Democrat
2017,Aztec,New Mexico,HS,3,Democrat
2018,Forest City,Iowa,MS,0,Republican
2018,Winston-Salem,North Carolina,C,1,Republican
2018,Italy,Texas,HS,0,Republican
2018,New Orleans,Louisiana,HS,0,Republican
2018,Marshall County,Kentucky,HS,2,Republican
2018,Los Angeles,California,MS,0,Republican
2018,Parkland,Florida,HS,17,Republican
2018,Mount Pleasant,Michigan,C,2,Republican
2018,Birmingham,Alabama,HS,1,Republican
2018,Birmingham,Alabama,C,2,Republican
2018,Great Mills,Maryland,HS,2,Republican
2018,Ocala,Florida,HS,0,Republican
2018,Palmdale,California,HS,0,Republican
2018,Dixon,Texas,HS,0,Republican
2018,Santa Fe,Texas,HS,10,Republican
2018,Jonesboro,Georgia,HS,1,Republican
2018,Nobelsville,Indiana,MS,0,Republican
2018,Wellington,Florida,HS,0,Republican
2018,San Francisco,California,HS,0,Republican
2018,Providence,Rhode Island,HS,1,Republican
2018,Memphis,Tennessee,HS,0,Republican
2018,Las Vegas,Nevada,HS,1,Republican
2018,Matthews,North Carolina,HS,1,Republican
2018,Richmond,Indiana,MS,1,Republican
2019,Mobile,Alabama,HS,0,Republican
2019,Baltimore,Maryland,HS,0,Republican
2019,Kansas City,Missouri,HS,1,Republican
2019,Rio Rancho,New Mexico,HS,0,Republican
2019,Blountville,Alabama,ES,0,Republican
2019,Prescott,Arizona,HS,0,Republican
2019,Dekalb,Georgia,ES,0,Republican
2019,Charlotte,North Carolina,C,2,Republican
2019,Eugene,Oregon,C,1,Republican
2019,Riverview,Florida,ES,0,Republican
2019,Highlands Ranch,Colorado,HS,1,Republican
2019,Savannah,Georgia,C,0,Republican
2019,Montgomery,Alabama,ES,0,Republican
2019,Mobile,Alabama,HS,0,Republican
2019,Santa Rosa,California,HS,0,Republican
2019,Santa Clarita,California,HS,2,Republican
2019,Pleasantville,New Jersey,HS,1,Republican
2019,Union City,California,ES,2,Republican
2019,Waukesha,Wisconsin,HS,0,Republican
2019,Oshkosh,Wisconsin,HS,0,Republican
2020,Belle Glade,Florida,HS,0,Republican
2020,Dallas,Texas,HS,1,Republican
2020,Bellaire,Texas,HS,1,Republican
2020,Fort Worth,Texas,HS,0,Republican
2020,Oxnard,California,ES,0,Republican
2020,Commerce,Texas,C,2,Republican
2020,Sonora,California,HS,1,Republican
2020,Macomb,Illinois,C,0,Republican
2021,New Orleans,Louisiana,HS,1,Republican
2021,Pine Bluff,Arkansas,MS,1,Republican
2021,Knoxville,Tennessee,HS,1,Republican
2021,Plymouth,Minnesota,MS,0,Republican
2021,Rigby,Idaho,MS,0,Republican
2021,Albuquerque,New Mexico,MS,1,Republican
2021,Orangeburg,South Carolina,HS,0,Republican
2021,Woodridge,Virginia,HS,0,Republican
2021,Sharon Hill,Pennsylvania,HS,1,Republican
2021,Wilmington,North Carolina,HS,0,Republican
2021,Winston-Salem,North Carolina,HS,1,Republican
2021,Towson,Maryland,C,0,Republican
2021,Newport News,Virginia,HS,0,Republican
2021,Wichita,Kansas,HS,0,Republican
2021,Fairfield,Alabama,HS,0,Republican
2021,Memphis,Tennessee,ES,0,Republican
2021,Newton,Mississippi,ES,0,Republican
2021,Houston,Texas,HS,0,Republican
2021,Arlington,Texas,HS,0,Republican
2021,Chicago,Illinois,HS,0,Republican
2021,Grambling,Louisiana,C,1,Republican
2021,Grambling,Louisiana,C,1,Republican
2021,Madison,Mississippi,HS,0,Republican
2021,Aurora,Colorado,HS,0,Republican
2021,Campbell,California,HS,0,Republican
2021,Phoenix,Arizona,HS,0,Republican
2021,Oxford Township,Michigan,HS,4,Republican
2021,Humbolt,Tennessee,HS,1,Democrat
2021,Wilmington,California,ES,1,Democrat
2021,Kansas City,Missouri,MS,0,Democrat
2022,Rockford,Illinois,HS,0,Democrat
2022,Murfreesboro,North Carolina,C,0,Democrat
2022,Albuquerque,New Mexico,HS,0,Democrat
2022,Sanford,Florida,HS,0,Democrat
2022,Pittsburgh,Pennsylvania,HS,1,Democrat
2022,Derwood,Maryland,HS,0,Democrat
2022,Beloit,Wisconsin,HS,1,Democrat
2022,Richfield,Minnesota,HS,1,Democrat
2022,Bridgewater,Virginia,C,2,Democrat
2022,Catonsville,Maryland,HS,0,Democrat
2022,Olathe,Kansas,HS,0,Democrat
2022,Des Moines,Iowa,HS,1,Democrat
2022,Greenville,South Carolina,MS,1,Democrat
2022,Erie,Pennsylvania,HS,0,Democrat
2022,Washington,District of Columbia,HS,0,Democrat
2022,Suwanee,Georgia,ES,0,Democrat
2022,Chicago,Illinois,ES,0,Democrat
2022,Uvalde,Texas,ES,22,Democrat
2022,New Orleans,Louisiana,C,1,Democrat
2022,Los Angeles,California,ES,0,Democrat
2022,Clarksville,Tennessee,HS,0,Democrat
2022,Groveport,Ohio,HS,0,Democrat
2022,Oakland,California,HS,0,Democrat
2022,Dover,Delaware,C,0,Democrat
2022,Richfield,Minnesota,HS,0,Democrat
2022,Philadelphia,Pennsylvania,HS,1,Democrat
2022,Oakland,California,HS,0,Democrat
2022,Tulsa,Oklahoma,HS,1,Democrat
2022,Newburgh,New York,HS,0,Democrat
2022,Tucson,Arizona,C,1,Democrat
2022,Toledo,Ohio,HS,0,Democrat
2022,Baltimore,Maryland,C,0,Democrat
2022,St. Louis,Missouri,HS,3,Democrat
2022,West Hartford,Connecticut,C,0,Democrat
2022,Seattle,Washington,HS,1,Democrat
2022,Orlando,Florida,HS,1,Democrat
2022,Charlottesville,Virginia,C,3,Democrat
2022,Clinton,Indiana,C,0,Democrat
2022,Albuquerque,New Mexico,C,1,Democrat
2022,Tallahassee,Florida,C,1,Democrat
2022,Fuquay-Varina,North Carolina,MS,0,Democrat
2023,Detroit,Michigan,ES,1,Democrat
2023,Rochester,New York,HS,0,Democrat
2023,Newport News,Virginia,ES,0,Democrat
2023,South Tabor,Oregon,HS,0,Democrat
2023,Stanford,Kentucky,ES,0,Democrat
2023,Des Moines,Iowa,HS,2,Democrat
2023,Middletown,Delaware,HS,0,Democrat
2023,East Lansing,Michigan,C,4,Democrat
2023,Stapleton,New York,ES,0,Democrat
2023,Homewood West,Pennsylvania,HS,0,Democrat
2023,Daytona Beach,Florida,C,0,Democrat
2023,Orangeburg,South Carolina,C,0,Democrat
2023,Waterville,Maine,C,0,Democrat
2023,Arlington,Texas,HS,1,Democrat
2023,Dallas,Texas,HS,0,Democrat
2023,City Park,Colorado,HS,1,Democrat
2023,Orangeburg,South Carolina,C,0,Democrat
2023,Nashville,Tennessee,ES,7,Democrat
2023,Winston-Salem,North Carolina,C,0,Democrat